{
    "2C_NADH_to_NAD___to___NADPH_to_nadp_OPTMDF_STANDARDCONC.jpg": {
        "min_ratios": [
            7.494993761181404e-08,
            2.718027261437686e-09,
            4.984585944330793e-07,
            8.402956752623811e-09,
            8.402956752623841e-09,
            8.402956752623811e-09,
            9.697491281103921e-09,
            9.697491281103921e-09,
            9.697491281103921e-09
        ],
        "max_ratios": [
            0.03917923335631216,
            0.01681066683199016,
            0.0001290005326453497,
            1.2149836234148767e-07,
            1.2149836234148725e-07,
            1.2149836234148725e-07,
            2.0586547428516908e-05,
            2.0586547428516874e-05,
            2.0586547428516945e-05
        ],
        "plotted_growth_rates": [
            "0.371",
            "0.321",
            "0.271",
            "0.221",
            "0.171",
            "0.121",
            "0.071",
            "0.05",
            "0.03"
        ]
    },
    "2C_NADPH_to_NADP___to___NADH_to_nad_OPTMDF_STANDARDCONC.jpg": {
        "min_ratios": [
            25.523725564142264,
            59.48604002412517,
            7751.905976614964,
            8230563.611955229,
            8230563.611955259,
            8230563.611955259,
            48575.41088287487,
            48575.41088287496,
            48575.410882874785
        ],
        "max_ratios": [
            13342239.258146817,
            367913896.2981024,
            2006184.6884942323,
            119005729.70195895,
            119005729.70195854,
            119005729.70195895,
            103119453.37332278,
            103119453.37332278,
            103119453.37332278
        ],
        "plotted_growth_rates": [
            "0.371",
            "0.321",
            "0.271",
            "0.221",
            "0.171",
            "0.121",
            "0.071",
            "0.05",
            "0.03"
        ]
    },
    "2C_NADH_to_NAD___to___NADPH_to_nadp_OPTSUBMDF_STANDARDCONC.jpg": {
        "min_ratios": [
            4.996131438229745e-07,
            4.520927876011859e-08,
            7.24803449115163e-08,
            1.5325059098294287e-06,
            1.7856972807670211e-06,
            8.283677869720738e-08,
            8.283677869720738e-08,
            1.7854048693652203e-07,
            8.283677869720738e-08
        ],
        "max_ratios": [
            0.8471602813012519,
            0.016810666831990173,
            0.0003470056683238361,
            2.0807194008751586e-06,
            1.7856972807665705e-06,
            1.7854048693652203e-07,
            1.7854048693652203e-07,
            1.8576381572540254e-06,
            1.8576381572540254e-06
        ],
        "plotted_growth_rates": [
            "0.371",
            "0.321",
            "0.271",
            "0.221",
            "0.171",
            "0.121",
            "0.071",
            "0.05",
            "0.03"
        ]
    },
    "2C_NADPH_to_NADP___to___NADH_to_nad_OPTSUBMDF_STANDARDCONC.jpg": {
        "min_ratios": [
            1.1804141696350352,
            59.48604002412512,
            2881.797305589746,
            480603.0066232843,
            560005.3328023865,
            5600970.49783189,
            5600970.49783189,
            538317.9690269753,
            538317.9690269753
        ],
        "max_ratios": [
            2001548.6228967689,
            22119353.093554568,
            13796843.837053975,
            652526.0317666914,
            560005.3328022453,
            12071932.48853015,
            12071932.48853015,
            538317.9690269753,
            12071932.48853015
        ],
        "plotted_growth_rates": [
            "0.371",
            "0.321",
            "0.271",
            "0.221",
            "0.171",
            "0.121",
            "0.071",
            "0.05",
            "0.03"
        ]
    },
    "2C_NADH_to_NAD___to___NADPH_to_nadp_OPTMDF_VIVOCONC.jpg": {
        "min_ratios": [
            5.188900720400087e-07,
            5.087068687710263e-07,
            1.8284759107380822e-08,
            1.8284759107380822e-08,
            1.8284759109209265e-08,
            1.8284759109209265e-08,
            1.8284759109209265e-08,
            1.8284759109209265e-08,
            1.8284759109209265e-08
        ],
        "max_ratios": [
            136.72710213010134,
            122.53505689664112,
            122.53505692136852,
            122.53505692136852,
            122.53505692136852,
            122.53505692136852,
            122.53505692136852,
            122.53505692136852,
            122.53505692136852
        ],
        "plotted_growth_rates": [
            "0.371",
            "0.321",
            "0.271",
            "0.221",
            "0.171",
            "0.121",
            "0.071",
            "0.05",
            "0.03"
        ]
    },
    "2C_NADPH_to_NADP___to___NADH_to_nad_OPTMDF_VIVOCONC.jpg": {
        "min_ratios": [
            0.00731383891284743,
            0.008160929821442892,
            0.008160929819796027,
            0.008160929819796027,
            0.008160929819796027,
            0.008160929819796027,
            0.008160929819796027,
            0.008160929819796027,
            0.008160929819796027
        ],
        "max_ratios": [
            1927190.466505776,
            1965768.6211626707,
            54690356.82271254,
            54690356.82271254,
            54690356.8172436,
            54690356.8172436,
            54690356.8172436,
            54690356.8172436,
            54690356.8172436
        ],
        "plotted_growth_rates": [
            "0.371",
            "0.321",
            "0.271",
            "0.221",
            "0.171",
            "0.121",
            "0.071",
            "0.05",
            "0.03"
        ]
    },
    "2C_NADH_to_NAD___to___NADPH_to_nadp_OPTSUBMDF_VIVOCONC.jpg": {
        "min_ratios": [
            2.3478961746493413e-06,
            0.0005079434041648129,
            3.5811127157909873e-06,
            1.2847426030095166e-05,
            1.2847426030095166e-05,
            1.2847426030095166e-05,
            1.2847426030095166e-05,
            1.2847426030095166e-05,
            1.2847426030736225e-05
        ],
        "max_ratios": [
            46.33180415684121,
            0.5139609237157627,
            0.009555657679769196,
            0.0005079434041645007,
            0.0005079434041645007,
            0.0005079434041645034,
            0.0005079434041645007,
            0.0005079434041645034,
            0.0005079434041138111
        ],
        "plotted_growth_rates": [
            "0.371",
            "0.321",
            "0.271",
            "0.221",
            "0.171",
            "0.121",
            "0.071",
            "0.05",
            "0.03"
        ]
    },
    "2C_NADPH_to_NADP___to___NADH_to_nad_OPTSUBMDF_VIVOCONC.jpg": {
        "min_ratios": [
            0.021583446148887842,
            1.9456732094929317,
            104.65004435196066,
            1968.7232707448322,
            1968.7232707448322,
            1968.7232707448218,
            1968.7232707448322,
            1968.7232707448218,
            1968.7232709412988
        ],
        "max_ratios": [
            425913.2114942648,
            1968.7232707436222,
            279242.816231525,
            77836.60304075653,
            77836.60304075653,
            77836.60304075653,
            77836.60304075653,
            77836.60304075653,
            77836.60303687265
        ],
        "plotted_growth_rates": [
            "0.371",
            "0.321",
            "0.271",
            "0.221",
            "0.171",
            "0.121",
            "0.071",
            "0.05",
            "0.03"
        ]
    }
}