{
    "2C_NADH_to_NAD___to___NADPH_to_nadp_OPTMDF_STANDARDCONC.jpg": {
        "min_ratios": [
            2.603115554871832e-06,
            2.718027261437686e-09,
            4.984585944330793e-07,
            8.402956752623811e-09,
            8.402956752623841e-09,
            8.402956752623841e-09,
            9.697491281103921e-09,
            9.697491281103921e-09,
            9.697491281103921e-09
        ],
        "max_ratios": [
            0.03917923335631209,
            0.016810666831990128,
            0.0001290005326453499,
            1.2149836234148767e-07,
            1.2149836234148767e-07,
            1.2149836234148703e-07,
            2.0586547428516908e-05,
            2.0586547428516874e-05,
            2.0586547428516908e-05
        ],
        "plotted_growth_rates": [
            "0.371",
            "0.321",
            "0.271",
            "0.221",
            "0.171",
            "0.121",
            "0.071",
            "0.05",
            "0.03"
        ]
    },
    "2C_NADH_to_NAD___to___NADPH_to_nadp_OPTSUBMDF_STANDARDCONC.jpg": {
        "min_ratios": [
            4.996131438229745e-07,
            4.520927876011859e-08,
            7.24803449115163e-08,
            1.5325059098294287e-06,
            1.7856972807670211e-06,
            8.283677869720738e-08,
            8.283677869720738e-08,
            8.283677869720738e-08,
            1.8576381572540254e-06
        ],
        "max_ratios": [
            0.8471602813012533,
            0.016810666833671196,
            0.0003470056683238361,
            2.0807194008751586e-06,
            1.7856972807665705e-06,
            1.7854048693652203e-07,
            1.7854048693652203e-07,
            1.8576381572540254e-06,
            1.8576381572540254e-06
        ],
        "plotted_growth_rates": [
            "0.371",
            "0.321",
            "0.271",
            "0.221",
            "0.171",
            "0.121",
            "0.071",
            "0.05",
            "0.03"
        ]
    }
}