µ [1/h];Min [NADH]/[NAD] / [NADPH] / [NADP] ratio ratio;Max [NADH]/[NAD] / [NADPH] / [NADP] ratio
0.371;7.494993761181404e-08;0.03917923336023001
0.321;2.718027261437686e-09;0.0168106668319901
0.271;4.984585944330793e-07;0.0001290005326453497
0.221;8.402956752623811e-09;1.2149836234148682e-07
0.171;8.402956752623841e-09;1.2149836234148682e-07
0.121;8.402956752623811e-09;1.2149836234148767e-07
0.071;9.697491281103921e-09;2.0586547428516945e-05
0.05;9.697491281103921e-09;2.0586547428516874e-05
0.03;9.697491281103921e-09;2.0586547428516836e-05
