{
    "adp_c": {
        "name": "ADP",
        "min_cva": 1.0000000000000004e-06,
        "max_cva": 8.765956264771173e-05,
        "min_measurement": 0.000437,
        "max_measurement": 0.000704,
        "min_difference": 0.00034934043735228824
    },
    "glu__L_c": {
        "name": "glutamate",
        "min_cva": 0.001604717737114385,
        "max_cva": 0.02,
        "min_measurement": 0.0924,
        "max_measurement": 0.0998,
        "min_difference": 0.07239999999999999
    },
    "pep_c": {
        "name": "phosphoenolpyruvate",
        "min_cva": 1.0000000000000004e-06,
        "max_cva": 1.2463251036262684e-05,
        "min_measurement": 0.000146,
        "max_measurement": 0.000231,
        "min_difference": 0.00013353674896373732
    }
}