{
    "3pg_c": {
        "name": "3-phosphoglycerate",
        "min_cva": 5.500726811128712e-06,
        "max_cva": 0.00030138484441201365,
        "min_cva_ln": -12.11063032697861,
        "max_cva_ln": -8.107122557004264,
        "min_cva_log10": -5.259579923376985,
        "max_cva_log10": -3.520878590620333,
        "min_measurement": 0.00151,
        "max_measurement": 0.00158,
        "min_difference": 0.0012086151555879864,
        "min_measurement_ln": -6.495645628155304,
        "max_measurement_ln": -6.450330431943262,
        "min_difference_ln": -6.718280074327265,
        "min_measurement_log10": -2.8210230527068307,
        "max_measurement_log10": -2.8013429130455774,
        "min_difference_log10": -2.9177119641608997
    },
    "akg_c": {
        "name": "alpha-ketoglutarate",
        "min_cva": 1.0000000000000004e-06,
        "max_cva": 5.479000407769235e-05,
        "min_cva_ln": -13.815510557964274,
        "max_cva_ln": -9.812002787989927,
        "min_cva_log10": -6.0,
        "max_cva_log10": -4.261298667243348,
        "min_measurement": 0.000312,
        "max_measurement": 0.000631,
        "min_difference": 0.0002572099959223076,
        "min_measurement_ln": -8.072507370154792,
        "max_measurement_ln": -7.368204695423061,
        "min_difference_ln": -8.265617701961347,
        "min_measurement_log10": -3.505845405981557,
        "max_measurement_log10": -3.1999706407558657,
        "min_difference_log10": -3.58971215748365
    },
    "glu__L_c": {
        "name": "glutamate",
        "min_cva": 9.553681988856925e-06,
        "max_cva": 0.005295855157744216,
        "min_cva_ln": -11.558583929204982,
        "max_cva_ln": -5.24083081008997,
        "min_cva_log10": -5.01982921906933,
        "max_cva_log10": -2.276063901410623,
        "min_measurement": 0.0924,
        "max_measurement": 0.0998,
        "min_difference": 0.08710414484225579,
        "min_measurement_ln": -2.3816283003344987,
        "max_measurement_ln": -2.304587095664719,
        "min_difference_ln": -2.4406508090887975,
        "min_measurement_log10": -1.0343280287798933,
        "max_measurement_log10": -1.000869458712629,
        "min_difference_log10": -1.0599611786399716
    }
}