{
    "adp_c": {
        "name": "ADP",
        "min_cva": 1.0000000000000004e-06,
        "max_cva": 8.765956264771173e-05,
        "min_cva_ln": -13.815510557964274,
        "max_cva_ln": -9.342049852174835,
        "min_cva_log10": -6.0,
        "max_cva_log10": -4.0572007004646204,
        "min_measurement": 0.000437,
        "max_measurement": 0.000704,
        "min_difference": 0.00034934043735228824,
        "min_measurement_ln": -7.735577362868684,
        "max_measurement_ln": -7.2587322018062315,
        "min_difference_ln": -7.9594636460260455,
        "min_measurement_log10": -3.359518563029578,
        "max_measurement_log10": -3.152427340857888,
        "min_difference_log10": -3.4567511403786493
    },
    "glu__L_c": {
        "name": "glutamate",
        "min_cva": 0.001604717737114385,
        "max_cva": 0.02,
        "min_cva_ln": -6.434807402592412,
        "max_cva_ln": -3.912023005428146,
        "min_cva_log10": -2.7946013470560813,
        "max_cva_log10": -1.6989700043360187,
        "min_measurement": 0.0924,
        "max_measurement": 0.0998,
        "min_difference": 0.07239999999999999,
        "min_measurement_ln": -2.3816283003344987,
        "max_measurement_ln": -2.304587095664719,
        "min_difference_ln": -2.6255489795904663,
        "min_measurement_log10": -1.0343280287798933,
        "max_measurement_log10": -1.000869458712629,
        "min_difference_log10": -1.1402614338028532
    },
    "pep_c": {
        "name": "phosphoenolpyruvate",
        "min_cva": 1.0000000000000004e-06,
        "max_cva": 1.2463251036262684e-05,
        "min_cva_ln": -13.815510557964274,
        "max_cva_ln": -11.29272616080001,
        "min_cva_log10": -6.0,
        "max_cva_log10": -4.904368657279939,
        "min_measurement": 0.000146,
        "max_measurement": 0.000231,
        "min_difference": 0.00013353674896373732,
        "min_measurement_ln": -8.831903936255937,
        "max_measurement_ln": -8.37309284744248,
        "min_difference_ln": -8.92113384486806,
        "min_measurement_log10": -3.835647144215563,
        "max_measurement_log10": -3.6363880201078556,
        "min_difference_log10": -3.874399201146539
    }
}