{
    "2C_NADH_to_NAD___to___NADPH_to_nadp_OPTMDF_STANDARDCONC.jpg": {
        "min_ratios": [
            1.0587637036675116e-06,
            9.697491281103921e-09,
            9.697491281103921e-09,
            9.697491281103921e-09,
            9.697491281103921e-09,
            9.697491281103921e-09,
            9.697491281103921e-09,
            9.697491281103921e-09,
            9.697491281103852e-09,
            9.697491281103921e-09,
            9.697491279164457e-09,
            9.697491281103921e-09,
            9.697491281103921e-09,
            9.697491281103852e-09,
            9.697491281103852e-09,
            9.697491281103921e-09,
            9.697491281103921e-09,
            9.697491281103921e-09,
            9.697491281103784e-09
        ],
        "max_ratios": [
            1.134970528806764e-05,
            1.4621028832899589e-05,
            2.0586547428516836e-05,
            3.6483933157847465e-05,
            3.648393315784759e-05,
            3.6483933157847465e-05,
            3.6483933157847465e-05,
            3.6483933157847336e-05,
            3.6483933157847465e-05,
            3.6483933157847465e-05,
            3.6483933157847465e-05,
            3.6483933157847465e-05,
            3.6483933157847465e-05,
            3.6483933157847465e-05,
            3.6483933157847465e-05,
            5.00516063111025e-05,
            5.0051606311101964e-05,
            5.0051606311103035e-05,
            0.025082410302595674
        ],
        "plotted_growth_rates": [
            "0.868",
            "0.818",
            "0.768",
            "0.718",
            "0.668",
            "0.618",
            "0.568",
            "0.518",
            "0.468",
            "0.418",
            "0.368",
            "0.318",
            "0.268",
            "0.218",
            "0.168",
            "0.118",
            "0.068",
            "0.05",
            "0.03"
        ]
    },
    "2C_NADH_to_NAD___to___NADPH_to_nadp_OPTSUBMDF_STANDARDCONC.jpg": {
        "min_ratios": [
            3.170970035392897e-08,
            8.945159205641623e-09,
            3.397466517937613e-08,
            7.417029190411599e-08,
            7.417029190656554e-08,
            8.283677869721503e-08,
            8.283677869721503e-08,
            8.283677869721503e-08,
            8.283677869721445e-08,
            8.283677869721445e-08,
            8.283677869721503e-08,
            8.283677869721503e-08,
            8.283677869721503e-08,
            8.283677869721503e-08,
            8.283677869721503e-08,
            8.283677869721503e-08,
            8.283677869721503e-08,
            8.283677869721503e-08,
            8.283677869721503e-08
        ],
        "max_ratios": [
            4.23958164206238e-06,
            4.901053093527124e-07,
            3.397466517935416e-08,
            7.417029190406539e-08,
            7.417029189916734e-08,
            5.000046497229754e-07,
            5.000046497229754e-07,
            5.000046497229754e-07,
            5.000046497229754e-07,
            5.000046497229754e-07,
            5.000046497229754e-07,
            5.000046497229738e-07,
            5.000046497229754e-07,
            5.000046497229754e-07,
            5.000046497229754e-07,
            5.000046497229738e-07,
            5.000046497229754e-07,
            5.000046497229754e-07,
            2.0586965751996375e-05
        ],
        "plotted_growth_rates": [
            "0.868",
            "0.818",
            "0.768",
            "0.718",
            "0.668",
            "0.618",
            "0.568",
            "0.518",
            "0.468",
            "0.418",
            "0.368",
            "0.318",
            "0.268",
            "0.218",
            "0.168",
            "0.118",
            "0.068",
            "0.05",
            "0.03"
        ]
    },
    "2C_NADH_to_NAD___to___NADPH_to_nadp_OPTMDF_VIVOCONC.jpg": {
        "min_ratios": [
            5.454701288745219e-09,
            1.828475911068517e-08,
            1.828475911068517e-08,
            1.828475911068517e-08,
            1.8284759110685234e-08,
            1.8284759109209265e-08,
            1.8284759109209265e-08,
            1.828475911068517e-08,
            1.8284759109209265e-08,
            1.8284759109209265e-08,
            1.828475911068517e-08,
            1.8284759109209265e-08,
            1.8284759109209265e-08,
            1.8284759109209265e-08,
            1.8284759109209265e-08,
            1.8284759109209265e-08,
            1.8284759109209265e-08,
            1.8284759109209265e-08,
            1.8284759109209265e-08
        ],
        "max_ratios": [
            43.219820755546266,
            5.489600406820638,
            1409.9629208438744,
            1409.9629208438744,
            1409.9629208438744,
            1409.9629210714984,
            1409.9629210714984,
            1409.9629208438769,
            1409.9629210714997,
            1409.9629210714972,
            1409.9629208438769,
            1409.9629210714997,
            1409.9629210714997,
            1409.9629210714984,
            1409.9629210714984,
            1409.9629210714984,
            1409.9629210714984,
            1409.9629210714984,
            1409.9629210714972
        ],
        "plotted_growth_rates": [
            "0.868",
            "0.818",
            "0.768",
            "0.718",
            "0.668",
            "0.618",
            "0.568",
            "0.518",
            "0.468",
            "0.418",
            "0.368",
            "0.318",
            "0.268",
            "0.218",
            "0.168",
            "0.118",
            "0.068",
            "0.05",
            "0.03"
        ]
    },
    "2C_NADH_to_NAD___to___NADPH_to_nadp_OPTSUBMDF_VIVOCONC.jpg": {
        "min_ratios": [
            6.057532061018967e-07,
            7.412048519953993e-06,
            4.3580257636046746e-05,
            4.3580257636046746e-05,
            4.3580257638221303e-05,
            4.3580257638221303e-05,
            4.3580257636046746e-05,
            4.3580257638221303e-05,
            4.3580257636046746e-05,
            4.3580257638221303e-05,
            4.358025763822146e-05,
            4.358025763822146e-05,
            4.358025764042792e-05,
            4.358025763822146e-05,
            4.3580257636046746e-05,
            4.358025763822146e-05,
            4.3580257638221154e-05,
            4.3580257638221303e-05,
            4.3580257636046746e-05
        ],
        "max_ratios": [
            6.057532061018967e-07,
            0.00047008681571776854,
            0.0005079434041649486,
            0.0005079434041649478,
            0.0005079434041142563,
            0.0005079434041142549,
            0.0005079434041649486,
            0.0005079434041142558,
            0.0005079434041649491,
            0.0005079434041142545,
            0.0005079434041142549,
            0.0005079434041650502,
            0.0005079434040628182,
            0.0005079434041142563,
            0.0005079434041649478,
            0.0005079434041142558,
            0.0005079434041142581,
            0.0005079434041142554,
            0.0005079434041649478
        ],
        "plotted_growth_rates": [
            "0.868",
            "0.818",
            "0.768",
            "0.718",
            "0.668",
            "0.618",
            "0.568",
            "0.518",
            "0.468",
            "0.418",
            "0.368",
            "0.318",
            "0.268",
            "0.218",
            "0.168",
            "0.118",
            "0.068",
            "0.05",
            "0.03"
        ]
    }
}