{
    "2C_NADH_to_NAD___to___NADPH_to_nadp_OPTMDF_VIVOCONC.jpg": {
        "min_ratios": [
            5.454701288745219e-09,
            1.8284759110685234e-08,
            1.828475911068517e-08,
            1.8284759110685234e-08,
            1.828475911068517e-08,
            1.8284759109209265e-08,
            1.8284759109209265e-08,
            1.828475911068517e-08,
            1.8284759109209265e-08,
            1.8284759109209265e-08,
            1.828475911068517e-08,
            1.8284759109209265e-08,
            1.8284759109209265e-08,
            1.8284759109209265e-08,
            1.8284759109209265e-08,
            1.8284759109209265e-08,
            1.8284759109209265e-08,
            1.8284759109209265e-08,
            1.8284759109209265e-08
        ],
        "max_ratios": [
            43.219820755546266,
            5.489600406820648,
            1409.9629208438744,
            1409.9629208438744,
            1409.9629208438744,
            1409.9629210714984,
            1409.9629210714984,
            1409.9629208438769,
            1409.9629210714972,
            1409.9629210714972,
            1409.9629208438769,
            1409.9629210714997,
            1409.9629210714997,
            1409.9629210714984,
            1409.9629210714984,
            1409.9629210714984,
            1409.9629210714984,
            1409.9629210714984,
            1409.9629210714972
        ],
        "plotted_growth_rates": [
            "0.868",
            "0.818",
            "0.768",
            "0.718",
            "0.668",
            "0.618",
            "0.568",
            "0.518",
            "0.468",
            "0.418",
            "0.368",
            "0.318",
            "0.268",
            "0.218",
            "0.168",
            "0.118",
            "0.068",
            "0.05",
            "0.03"
        ]
    },
    "2C_NADPH_to_NADP___to___NADH_to_nad_OPTMDF_VIVOCONC.jpg": {
        "min_ratios": [
            0.023137532329346205,
            0.18216262130072944,
            0.0007092385091953282,
            0.0007092385091953282,
            0.0007092385091953282,
            0.0007092385090808289,
            0.0007092385090808289,
            0.0007092385091953269,
            0.0007092385090808295,
            0.0007092385090808295,
            0.0007092385091953269,
            0.0007092385090808282,
            0.0007092385090808282,
            0.0007092385090808289,
            0.0007092385090808289,
            0.0007092385090808289,
            0.0007092385090808289,
            0.0007092385090808289,
            0.0007092385090808295
        ],
        "max_ratios": [
            183328095.7223666,
            54690356.81282893,
            54690356.81282912,
            54690356.81282893,
            54690356.81282912,
            54690356.8172436,
            54690356.8172436,
            54690356.81282912,
            54690356.8172436,
            54690356.8172436,
            54690356.81282912,
            54690356.8172436,
            54690356.8172436,
            54690356.8172436,
            54690356.8172436,
            54690356.8172436,
            54690356.8172436,
            54690356.8172436,
            54690356.8172436
        ],
        "plotted_growth_rates": [
            "0.868",
            "0.818",
            "0.768",
            "0.718",
            "0.668",
            "0.618",
            "0.568",
            "0.518",
            "0.468",
            "0.418",
            "0.368",
            "0.318",
            "0.268",
            "0.218",
            "0.168",
            "0.118",
            "0.068",
            "0.05",
            "0.03"
        ]
    },
    "2C_NADH_to_NAD___to___NADPH_to_nadp_OPTSUBMDF_VIVOCONC.jpg": {
        "min_ratios": [
            6.057532061018978e-07,
            7.412048519953993e-06,
            4.3580257636046746e-05,
            4.3580257636046746e-05,
            4.3580257638221385e-05,
            4.3580257638221303e-05,
            4.3580257636046746e-05,
            4.3580257638221303e-05,
            4.3580257636046746e-05,
            4.3580257638221385e-05,
            4.3580257638221303e-05,
            4.358025763822146e-05,
            4.3580257640428075e-05,
            4.3580257638221303e-05,
            4.3580257636046746e-05,
            4.3580257638221385e-05,
            4.358025763822069e-05,
            4.3580257638221385e-05,
            4.3580257636046746e-05
        ],
        "max_ratios": [
            6.057532061018978e-07,
            0.00047008681571776854,
            0.0005079434041649491,
            0.0005079434041649491,
            0.0005079434041142558,
            0.0005079434041142549,
            0.0005079434041649491,
            0.0005079434041142558,
            0.0005079434041649491,
            0.0005079434041650502,
            0.0005079434041142558,
            0.0005079434041142558,
            0.0005079434040628172,
            0.0005079434041142568,
            0.0005079434041649478,
            0.0005079434041142549,
            0.0005079434041646992,
            0.0005079434041142549,
            0.0005079434041649478
        ],
        "plotted_growth_rates": [
            "0.868",
            "0.818",
            "0.768",
            "0.718",
            "0.668",
            "0.618",
            "0.568",
            "0.518",
            "0.468",
            "0.418",
            "0.368",
            "0.318",
            "0.268",
            "0.218",
            "0.168",
            "0.118",
            "0.068",
            "0.05",
            "0.03"
        ]
    }
}