{
    "2C_NADH_to_NAD___to___NADPH_to_nadp_OPTMDF_STANDARDCONC.jpg": {
        "min_ratios": [
            1.0587637036675116e-06,
            9.697491281103921e-09,
            9.697491281103852e-09,
            9.697491281103921e-09,
            9.697491281103921e-09,
            9.697491281103921e-09,
            9.697491281103921e-09,
            9.697491281103886e-09,
            9.697491281103921e-09,
            9.697491281103921e-09,
            9.697491281103921e-09,
            9.697491281103921e-09,
            9.697491281103921e-09,
            9.697491281103921e-09,
            9.697491281103921e-09,
            9.697491281103817e-09,
            9.697491281103852e-09,
            9.697491281103921e-09,
            9.697491281103921e-09
        ],
        "max_ratios": [
            1.134970528806762e-05,
            1.462102883289951e-05,
            2.0586547428516908e-05,
            3.6483933157847465e-05,
            3.6483933157847465e-05,
            3.6483933157847336e-05,
            3.6483933157847336e-05,
            3.6483933157847465e-05,
            3.6483933157847336e-05,
            3.6483933157847465e-05,
            3.6483933157847465e-05,
            3.648393315784759e-05,
            3.6483933157847465e-05,
            3.648393315784759e-05,
            3.6483933157847404e-05,
            5.00516063111025e-05,
            5.005160631110259e-05,
            5.00516063111025e-05,
            0.025082410302595674
        ],
        "plotted_growth_rates": [
            "0.868",
            "0.818",
            "0.768",
            "0.718",
            "0.668",
            "0.618",
            "0.568",
            "0.518",
            "0.468",
            "0.418",
            "0.368",
            "0.318",
            "0.268",
            "0.218",
            "0.168",
            "0.118",
            "0.068",
            "0.05",
            "0.03"
        ]
    },
    "2C_NADPH_to_NADP___to___NADH_to_nad_OPTMDF_STANDARDCONC.jpg": {
        "min_ratios": [
            88108.01466812873,
            68394.63976364302,
            48575.41088287487,
            27409.325515248245,
            27409.325515248245,
            27409.325515248343,
            27409.325515248343,
            27409.325515248245,
            27409.325515248343,
            27409.325515248245,
            27409.325515248245,
            27409.325515248147,
            27409.325515248245,
            27409.325515248147,
            27409.325515248293,
            19979.378759282277,
            19979.37875928224,
            19979.378759282277,
            39.86857674106839
        ],
        "max_ratios": [
            944497.8105464358,
            103119453.37332278,
            103119453.37332352,
            103119453.37332278,
            103119453.37332278,
            103119453.37332278,
            103119453.37332278,
            103119453.37332316,
            103119453.37332278,
            103119453.37332278,
            103119453.37332278,
            103119453.37332278,
            103119453.37332278,
            103119453.37332278,
            103119453.37332278,
            103119453.37332389,
            103119453.37332352,
            103119453.37332278,
            103119453.37332278
        ],
        "plotted_growth_rates": [
            "0.868",
            "0.818",
            "0.768",
            "0.718",
            "0.668",
            "0.618",
            "0.568",
            "0.518",
            "0.468",
            "0.418",
            "0.368",
            "0.318",
            "0.268",
            "0.218",
            "0.168",
            "0.118",
            "0.068",
            "0.05",
            "0.03"
        ]
    },
    "2C_NADH_to_NAD___to___NADPH_to_nadp_OPTSUBMDF_STANDARDCONC.jpg": {
        "min_ratios": [
            3.170970035392897e-08,
            8.945159205641623e-09,
            3.397466517937589e-08,
            7.417029190411599e-08,
            7.417029190656554e-08,
            8.283677869721503e-08,
            8.283677869721503e-08,
            8.283677869721503e-08,
            8.283677869721445e-08,
            8.283677869721503e-08,
            8.283677869721503e-08,
            8.283677869721503e-08,
            8.283677869721503e-08,
            8.283677869721445e-08,
            8.283677869721503e-08,
            8.283677869721503e-08,
            8.283677869721503e-08,
            8.283677869721445e-08,
            8.283677869721503e-08
        ],
        "max_ratios": [
            4.2395816420623875e-06,
            4.901053093527106e-07,
            3.397466517935416e-08,
            7.417029190406565e-08,
            7.417029189916734e-08,
            5.000046497229754e-07,
            5.000046497229738e-07,
            5.000046497229754e-07,
            5.000046497229754e-07,
            5.000046497229738e-07,
            5.000046497229754e-07,
            5.000046497229754e-07,
            5.000046497229746e-07,
            5.000046497229746e-07,
            5.000046497229746e-07,
            5.000046497229754e-07,
            5.000046497229754e-07,
            5.000046497229754e-07,
            2.0586965751996375e-05
        ],
        "plotted_growth_rates": [
            "0.868",
            "0.818",
            "0.768",
            "0.718",
            "0.668",
            "0.618",
            "0.568",
            "0.518",
            "0.468",
            "0.418",
            "0.368",
            "0.318",
            "0.268",
            "0.218",
            "0.168",
            "0.118",
            "0.068",
            "0.05",
            "0.03"
        ]
    },
    "2C_NADPH_to_NADP___to___NADH_to_nad_OPTSUBMDF_STANDARDCONC.jpg": {
        "min_ratios": [
            235872.3299673361,
            2040377.814557273,
            29433696.983353447,
            13482487.04876925,
            13482487.049659653,
            1999981.4012810558,
            1999981.401281063,
            1999981.4012810558,
            1999981.4012810558,
            1999981.401281063,
            1999981.4012810558,
            1999981.4012810558,
            1999981.4012810595,
            1999981.4012810595,
            1999981.4012810595,
            1999981.4012810558,
            1999981.4012810558,
            1999981.4012810558,
            48574.42383917247
        ],
        "max_ratios": [
            31536091.127902932,
            111792308.77962574,
            29433696.983334627,
            13482487.048760103,
            13482487.048314828,
            12071932.488529034,
            12071932.488529034,
            12071932.488529034,
            12071932.48852912,
            12071932.488529034,
            12071932.488529034,
            12071932.488529034,
            12071932.488529034,
            12071932.48852912,
            12071932.488529034,
            12071932.488529034,
            12071932.488529034,
            12071932.48852912,
            12071932.488529034
        ],
        "plotted_growth_rates": [
            "0.868",
            "0.818",
            "0.768",
            "0.718",
            "0.668",
            "0.618",
            "0.568",
            "0.518",
            "0.468",
            "0.418",
            "0.368",
            "0.318",
            "0.268",
            "0.218",
            "0.168",
            "0.118",
            "0.068",
            "0.05",
            "0.03"
        ]
    },