{
    "2D_ATP_C_to_ADP_C_OPTMDF_STANDARDCONC.jpg": {
        "min_ratios": [
            112.97697079475762,
            228.15537057122285,
            228.15537057122285,
            228.15537057122285,
            228.15537057122285,
            228.15537057122285,
            228.15537057122285,
            228.15537057122285,
            228.15537057122285,
            228.15537057122285,
            228.15537057122285,
            228.15537057122285,
            228.15537057122285,
            8471.321263297668,
            8471.321263297652,
            228.15537057122285,
            228.15537057122285,
            228.15537057122285,
            228.15537057122285
        ],
        "max_ratios": [
            5519.7111216883395,
            2843.557658700693,
            6913.477306012771,
            8471.321263297623,
            8471.321263297668,
            8471.321263297623,
            8471.321263297668,
            8471.321263297623,
            8471.321263297668,
            8471.321263297668,
            8471.321263297668,
            8471.321263297608,
            8471.321263297668,
            8471.321263297652,
            8471.321263297652,
            8471.321263297668,
            8471.321263297623,
            8471.321263297608,
            19999.99999999998
        ],
        "plotted_growth_rates": [
            "0.868",
            "0.818",
            "0.768",
            "0.718",
            "0.668",
            "0.618",
            "0.568",
            "0.518",
            "0.468",
            "0.418",
            "0.368",
            "0.318",
            "0.268",
            "0.218",
            "0.168",
            "0.118",
            "0.068",
            "0.05",
            "0.03"
        ]
    },
    "2D_ATP_C_to_ADP_C_OPTSUBMDF_STANDARDCONC.jpg": {
        "min_ratios": [
            9.553681988856919,
            36.07984623554675,
            408.1308659660131,
            408.1308659660349,
            408.1308660064659,
            9.553681988856946,
            9.553681988856924,
            9.553681988856919,
            9.55368198790154,
            9.553681988856919,
            9.553681988856919,
            9.553681988856919,
            9.553681988856919,
            19999.99999999998,
            9.553681988856919,
            9.553681988856924,
            9.553681988856924,
            9.553681988856919,
            9.553681988856924
        ],
        "max_ratios": [
            3045.602397119117,
            19999.99999999998,
            5637.9885971223575,
            9173.26029892987,
            9173.2602980211,
            19999.99999999998,
            19999.99999999998,
            19999.99999999998,
            19999.99999999998,
            19999.99999999998,
            19999.99999999998,
            19999.99999999998,
            19999.99999999998,
            19999.99999999998,
            19999.99999999998,
            19999.99999999998,
            19999.99999999998,
            19999.99999999998,
            19999.99999999998
        ],
        "plotted_growth_rates": [
            "0.868",
            "0.818",
            "0.768",
            "0.718",
            "0.668",
            "0.618",
            "0.568",
            "0.518",
            "0.468",
            "0.418",
            "0.368",
            "0.318",
            "0.268",
            "0.218",
            "0.168",
            "0.118",
            "0.068",
            "0.05",
            "0.03"
        ]
    },
    "2D_ATP_C_to_ADP_C_OPTMDF_VIVOCONC.jpg": {
        "min_ratios": [
            13.066251214173052,
            23.9226969665036,
            23.92269696650358,
            23.92269696650358,
            23.9226969665036,
            23.92269696553809,
            23.92269696553809,
            23.9226969665036,
            23.92269696553809,
            23.92269696553809,
            23.9226969665036,
            23.92269696553809,
            23.922696965538027,
            26.08695652173913,
            23.922696965538027,
            23.92269696553809,
            23.92269696553809,
            23.92269696553809,
            23.92269696553809
        ],
        "max_ratios": [
            26.08695652173913,
            26.08695652173913,
            26.08695652173913,
            26.08695652173913,
            26.08695652173913,
            26.08695652173913,
            26.08695652173913,
            26.08695652173913,
            26.08695652173913,
            26.08695652173913,
            26.08695652173913,
            26.08695652173913,
            26.08695652173913,
            26.08695652173913,
            26.08695652173913,
            26.08695652173913,
            26.08695652173913,
            26.08695652173913,
            26.08695652173913
        ],
        "plotted_growth_rates": [
            "0.868",
            "0.818",
            "0.768",
            "0.718",
            "0.668",
            "0.618",
            "0.568",
            "0.518",
            "0.468",
            "0.418",
            "0.368",
            "0.318",
            "0.268",
            "0.218",
            "0.168",
            "0.118",
            "0.068",
            "0.05",
            "0.03"
        ]
    },
    "2D_ATP_C_to_ADP_C_OPTSUBMDF_VIVOCONC.jpg": {
        "min_ratios": [
            11.689647227831058,
            11.689647227831058,
            11.689647227831058,
            11.689647227831058,
            11.689647227831026,
            11.689647227831037,
            11.689647227831037,
            11.689647227831058,
            11.689647227831058,
            11.689647227831058,
            11.689647227831058,
            11.689647227831058,
            11.689647227831058,
            11.689647227831058,
            11.689647227831058,
            11.689647227831058,
            11.689647227831058,
            11.689647227831058,
            11.689647227831058
        ],
        "max_ratios": [
            26.08695652173913,
            26.08695652173913,
            26.08695652173913,
            26.08695652173913,
            26.08695652173913,
            26.08695652173913,
            26.08695652173913,
            26.08695652173913,
            26.08695652173913,
            26.08695652173913,
            26.08695652173913,
            26.08695652173913,
            26.08695652173913,
            26.08695652173913,
            26.08695652173913,
            26.08695652173913,
            26.08695652173913,
            26.08695652173913,
            26.08695652173913
        ],
        "plotted_growth_rates": [
            "0.868",
            "0.818",
            "0.768",
            "0.718",
            "0.668",
            "0.618",
            "0.568",
            "0.518",
            "0.468",
            "0.418",
            "0.368",
            "0.318",
            "0.268",
            "0.218",
            "0.168",
            "0.118",
            "0.068",
            "0.05",
            "0.03"
        ]
    }
}