{
    "DEFAULT": {
        "min": 1e-06,
        "max": 0.02
    },
    "h2o_c": {
        "min": 1.0,
        "max": 1.0
    },
    "h2o_p": {
        "min": 1.0,
        "max": 1.0
    },
    "h2o_e": {
        "min": 1.0,
        "max": 1.0
    },
    "h_c": {
        "min": 1.0,
        "max": 1.0
    },
    "h_p": {
        "min": 1.0,
        "max": 1.0
    },
    "h_e": {
        "min": 1.0,
        "max": 1.0
    },
    "23dhb_c": {
        "min": 0.000117,
        "max": 0.000164
    },
    "3pg_c": {
        "min": 0.00151,
        "max": 0.00158
    },
    "4hbz_c": {
        "min": 4.43e-05,
        "max": 6.15e-05
    },
    "6pgc_c": {
        "min": 0.00369,
        "max": 0.00385
    },
    "aacoa_c": {
        "min": 1.37e-05,
        "max": 3.47e-05
    },
    "accoa_c": {
        "min": 0.000529,
        "max": 0.000694
    },
    "actp_c": {
        "min": 0.00102,
        "max": 0.00113
    },
    "acon_C_c": {
        "min": 1.38e-05,
        "max": 1.88e-05
    },
    "ade_e": {
        "min": 1.26e-06,
        "max": 1.71e-06
    },
    "adn_e": {
        "min": 5.1e-06,
        "max": 8.62e-06
    },
    "adp_c": {
        "min": 0.000437,
        "max": 0.000704
    },
    "adpglc_c": {
        "min": 2.83e-06,
        "max": 6.44e-06
    },
    "ala__L_e": {
        "min": 0.00232,
        "max": 0.0028
    },
    "akg_c": {
        "min": 0.000312,
        "max": 0.000631
    },
    "amp_p": {
        "min": 0.000232,
        "max": 0.000341
    },
    "anth_c": {
        "min": 3.34e-06,
        "max": 3.62e-06
    },
    "arg__L_c": {
        "min": 0.000479,
        "max": 0.000675
    },
    "asn__L_e": {
        "min": 0.000442,
        "max": 0.000592
    },
    "asp__L_c": {
        "min": 0.00356,
        "max": 0.00504
    },
    "atp_c": {
        "min": 0.00813,
        "max": 0.0114
    },
    "cbasp_c": {
        "min": 0.000364,
        "max": 0.000955
    },
    "cit_e": {
        "min": 0.0011,
        "max": 0.00348
    },
    "citr__L_c": {
        "min": 0.00123,
        "max": 0.00148
    },
    "cmp_c": {
        "min": 0.000187,
        "max": 0.000694
    },
    "coa_c": {
        "min": 8.83e-05,
        "max": 0.0212
    },
    "ctp_c": {
        "min": 0.00227,
        "max": 0.00327
    },
    "cpmp_c": {
        "min": 2.82e-05,
        "max": 4.39e-05
    },
    "cytd_c": {
        "min": 1.18e-06,
        "max": 5.67e-06
    },
    "csn_p": {
        "min": 8.65e-06,
        "max": 2.29e-05
    },
    "damp_e": {
        "min": 2.99e-06,
        "max": 2.62e-05
    },
    "datp_c": {
        "min": 8.13e-06,
        "max": 2.96e-05
    },
    "dctp_c": {
        "min": 2.6e-05,
        "max": 4.57e-05
    },
    "dad_2_e": {
        "min": 1.8e-06,
        "max": 4.41e-06
    },
    "dgsn_e": {
        "min": 4.11e-07,
        "max": 6.62e-07
    },
    "2dr5p_c": {
        "min": 4.82e-05,
        "max": 0.0019
    },
    "dgmp_e": {
        "min": 3.91e-05,
        "max": 6.58e-05
    },
    "dhor__S_c": {
        "min": 1.16e-05,
        "max": 1.23e-05
    },
    "dhap_c": {
        "min": 0.000344,
        "max": 0.000405
    },
    "dtdp_c": {
        "min": 0.000337,
        "max": 0.000426
    },
    "dttp_c": {
        "min": 0.00421,
        "max": 0.00508
    },
    "fad_c": {
        "min": 9.33e-05,
        "max": 0.000319
    },
    "fadh2_c": {
        "min": 3.84e-05,
        "max": 7.51e-05
    },
    "fdp_c": {
        "min": 0.014,
        "max": 0.0164
    },
    "fum_p": {
        "min": 3e-06,
        "max": 0.00442
    },
    "gdp_e": {
        "min": 0.000499,
        "max": 0.000916
    },
    "glcn_p": {
        "min": 5.74e-06,
        "max": 0.000302
    },
    "N/A": {
        "min": 0.000983,
        "max": 0.00177
    },
    "gam6p_c": {
        "min": 0.000959,
        "max": 0.00139
    },
    "glu__L_c": {
        "min": 0.0924,
        "max": 0.0998
    },
    "gln__L_e": {
        "min": 0.0035,
        "max": 0.00415
    },
    "glyc__R": {
        "min": 0.000644,
        "max": 0.00308
    },
    "glyc3p_c": {
        "min": 1.29e-05,
        "max": 0.000187
    },
    "gmp_e": {
        "min": 1.66e-05,
        "max": 3.38e-05
    },
    "gtp_e": {
        "min": 0.00157,
        "max": 0.0151
    },
    "gua_p": {
        "min": 0.000132,
        "max": 0.000269
    },
    "gsn_e": {
        "min": 1.22e-06,
        "max": 2.17e-06
    },
    "his__L_p": {
        "min": 4.58e-05,
        "max": 9.97e-05
    },
    "histd_c": {
        "min": 1.26e-05,
        "max": 1.3e-05
    },
    "hcys__L_c": {
        "min": 0.000365,
        "max": 0.000375
    },
    "ins_c": {
        "min": 0.000138,
        "max": 0.000303
    },
    "lys__L_e": {
        "min": 0.000327,
        "max": 0.000502
    },
    "mal__L_c": {
        "min": 0.00166,
        "max": 0.0017
    },
    "malcoame_c": {
        "min": 4.05e-07,
        "max": 0.00309
    },
    "met__D_c": {
        "min": 0.000131,
        "max": 0.000161
    },
    "minohp_p": {
        "min": 4.22e-06,
        "max": 7.75e-06
    },
    "acgam1p_c": {
        "min": 0.00679,
        "max": 0.0126
    },
    "acorn_c": {
        "min": 2.71e-05,
        "max": 6.94e-05
    },
    "orn_e": {
        "min": 6.81e-06,
        "max": 1.51e-05
    },
    "phe__L_c": {
        "min": 1.77e-05,
        "max": 1.87e-05
    },
    "phpyr_c": {
        "min": 5.01e-05,
        "max": 0.000161
    },
    "pep_c": {
        "min": 0.000146,
        "max": 0.000231
    },
    "pro__L_e": {
        "min": 0.000372,
        "max": 0.000399
    },
    "ppcoa_c": {
        "min": 3.88e-06,
        "max": 7.29e-06
    },
    "prpp_c": {
        "min": 0.000136,
        "max": 0.000492
    },
    "quln_c": {
        "min": 2.41e-06,
        "max": 5.49e-05
    },
    "ribflv_p": {
        "min": 1.72e-05,
        "max": 2.11e-05
    },
    "amet_c": {
        "min": 0.000119,
        "max": 0.000284
    },
    "ser__L_c": {
        "min": 2.57e-05,
        "max": 0.00018
    },
    "skm_c": {
        "min": 7.02e-06,
        "max": 2.81e-05
    },
    "succ_p": {
        "min": 0.000341,
        "max": 0.000949
    },
    "succoa_c": {
        "min": 0.000142,
        "max": 0.000383
    },
    "thr__L_c": {
        "min": 0.000174,
        "max": 0.000185
    },
    "trp__L_c": {
        "min": 1.14e-05,
        "max": 1.29e-05
    },
    "tyr__L_p": {
        "min": 1.87e-05,
        "max": 4.47e-05
    },
    "udp_c": {
        "min": 0.00118,
        "max": 0.00272
    },
    "udpglcur_c": {
        "min": 0.00012,
        "max": 0.00267
    },
    "udpg_c": {
        "min": 0.00123,
        "max": 0.00511
    },
    "uri_p": {
        "min": 0.00196,
        "max": 0.00224
    },
    "utp_c": {
        "min": 0.00776,
        "max": 0.00886
    },
    "val__L_p": {
        "min": 0.00353,
        "max": 0.00458
    },
    "gthox_c": {
        "min": 1e-06,
        "max": 0.0208
    },
    "gthrd_c": {
        "min": 1e-06,
        "max": 0.0208
    }
}