{
    "2C_NADH_to_NAD___to___NADPH_to_nadp_OPTMDF_STANDARDCONC.jpg": {
        "min_ratios": [
            2.500000000000004e-09,
            2.9532020660851382e-08,
            2.9532020660851488e-08,
            2.9532020660851488e-08,
            2.9532020660851068e-08,
            2.9532020660851488e-08,
            2.9532020660851488e-08,
            2.9532020660851382e-08,
            2.9532020660851488e-08
        ],
        "max_ratios": [
            0.05624646728520563,
            3.6483933157847336e-05,
            3.6483933157847465e-05,
            3.6483933157847404e-05,
            3.6483933157847336e-05,
            3.6483933157847336e-05,
            3.6483933157847465e-05,
            3.6483933157847336e-05,
            3.648393315784753e-05
        ],
        "plotted_growth_rates": [
            "0.206",
            "0.181",
            "0.156",
            "0.131",
            "0.106",
            "0.081",
            "0.056",
            "0.05",
            "0.03"
        ]
    },
    "2C_NADH_to_NAD___to___NADPH_to_nadp_OPTSUBMDF_STANDARDCONC.jpg": {
        "min_ratios": [
            2.500000000000004e-09,
            6.067252013635396e-09,
            8.283677869729126e-08,
            8.283677869729126e-08,
            8.283677869729126e-08,
            8.283677869729096e-08,
            8.283677869729126e-08,
            8.283677869729126e-08,
            8.283677869729126e-08
        ],
        "max_ratios": [
            0.0002512331953718355,
            0.00017758356919825546,
            1.300683446110282e-05,
            1.300683446110282e-05,
            1.300683446110282e-05,
            1.300683446110282e-05,
            1.300683446110282e-05,
            1.300683446110282e-05,
            1.300683446110282e-05
        ],
        "plotted_growth_rates": [
            "0.206",
            "0.181",
            "0.156",
            "0.131",
            "0.106",
            "0.081",
            "0.056",
            "0.05",
            "0.03"
        ]
    }
}