{
    "2C_NADH_to_NAD___to___NADPH_to_nadp_OPTMDF_STANDARDCONC.jpg": {
        "min_ratios": [
            2.500000000000004e-09,
            2.9532020660851488e-08,
            2.9532020660851488e-08,
            2.9532020660851488e-08,
            2.9532020660851488e-08,
            2.9532020660851488e-08
        ],
        "max_ratios": [
            0.0738320911102045,
            3.6483933157847465e-05,
            3.6483933157847336e-05,
            3.6483933157847465e-05,
            3.6483933157847465e-05,
            3.648393315784772e-05
        ],
        "plotted_growth_rates": [
            "0.206",
            "0.156",
            "0.106",
            "0.056",
            "0.05",
            "0.03"
        ]
    },
    "2C_NADPH_to_NADP___to___NADH_to_nad_OPTMDF_STANDARDCONC.jpg": {
        "min_ratios": [
            13.544245936463632,
            27409.325515248245,
            27409.325515248343,
            27409.325515248245,
            27409.325515248245,
            27409.32551524805
        ],
        "max_ratios": [
            399999999.99999934,
            33861550.196110666,
            33861550.196110666,
            33861550.196110666,
            33861550.196110666,
            33861550.196110666
        ],
        "plotted_growth_rates": [
            "0.206",
            "0.156",
            "0.106",
            "0.056",
            "0.05",
            "0.03"
        ]
    },
    "2C_NADH_to_NAD___to___NADPH_to_nadp_OPTSUBMDF_STANDARDCONC.jpg": {
        "min_ratios": [
            2.500000000000004e-09,
            8.283677869729126e-08,
            8.283677869729096e-08,
            8.283677869729126e-08,
            8.283677869729156e-08,
            8.283677869729126e-08
        ],
        "max_ratios": [
            0.0012189686872727827,
            1.3006834461102799e-05,
            1.300683446110282e-05,
            1.300683446110282e-05,
            1.300683446110282e-05,
            1.300683446110282e-05
        ],
        "plotted_growth_rates": [
            "0.206",
            "0.156",
            "0.106",
            "0.056",
            "0.05",
            "0.03"
        ]
    },
    "2C_NADPH_to_NADP___to___NADH_to_nad_OPTSUBMDF_STANDARDCONC.jpg": {
        "min_ratios": [
            820.365617624941,
            76882.65757440984,
            76882.6575744097,
            76882.6575744097,
            76882.6575744097,
            76882.6575744097
        ],
        "max_ratios": [
            399999999.99999934,
            12071932.488517927,
            12071932.48851797,
            12071932.488517927,
            12071932.488517882,
            12071932.488517927
        ],
        "plotted_growth_rates": [
            "0.206",
            "0.156",
            "0.106",
            "0.056",
            "0.05",
            "0.03"
        ]
    },
    "2C_NADH_to_NAD___to___NADPH_to_nadp_OPTMDF_VIVOCONC.jpg": {
        "min_ratios": [
            5.454701288745219e-09,
            1.8284759109209265e-08,
            1.8284759109209265e-08,
            1.8284759109209265e-08,
            1.8284759109209265e-08,
            1.8284759109209265e-08
        ],
        "max_ratios": [
            130.38864821007778,
            3.461664476961632,
            23.217169940556893,
            23.21716994055687,
            23.217169940556893,
            23.21716994055685
        ],
        "plotted_growth_rates": [
            "0.206",
            "0.156",
            "0.106",
            "0.056",
            "0.05",
            "0.03"
        ]
    },
    "2C_NADPH_to_NADP___to___NADH_to_nad_OPTMDF_VIVOCONC.jpg": {
        "min_ratios": [
            0.007669379303548218,
            0.28887837242901104,
            0.043071571710088186,
            0.04307157171008822,
            0.043071571710088186,
            0.04307157171008826
        ],
        "max_ratios": [
            183328095.7223666,
            54690356.8172436,
            54690356.8172436,
            54690356.8172436,
            54690356.8172436,
            54690356.8172436
        ],
        "plotted_growth_rates": [
            "0.206",
            "0.156",
            "0.106",
            "0.056",
            "0.05",
            "0.03"
        ]
    },
    "2C_NADH_to_NAD___to___NADPH_to_nadp_OPTSUBMDF_VIVOCONC.jpg": {
        "min_ratios": [
            2.4458981272150923e-08,
            4.149015549620314e-05,
            4.149015549620321e-05,
            4.149015549620321e-05,
            4.149015549620321e-05,
            4.149015549620314e-05
        ],
        "max_ratios": [
            8.10222307760246,
            0.0005079434041647073,
            0.0005079434041647091,
            0.0005079434041647091,
            0.0005079434041647073,
            0.0005079434041647073
        ],
        "plotted_growth_rates": [
            "0.206",
            "0.156",
            "0.106",
            "0.056",
            "0.05",
            "0.03"
        ]
    },
    "2C_NADPH_to_NADP___to___NADH_to_nad_OPTSUBMDF_VIVOCONC.jpg": {
        "min_ratios": [
            0.12342291620732707,
            1968.7232707440312,
            1968.7232707440244,
            1968.7232707440244,
            1968.7232707440312,
            1968.7232707440312
        ],
        "max_ratios": [
            40884777.20609743,
            24102.10296973971,
            24102.102969739666,
            24102.102969739666,
            24102.102969739666,
            24102.10296973971
        ],
        "plotted_growth_rates": [
            "0.206",
            "0.156",
            "0.106",
            "0.056",
            "0.05",
            "0.03"
        ]
    }
}